{"cameraMode":{"drawMode":0,"name":"Shaded","section":"Shading Mode"},"sceneLighting":false,"audioPlay":false,"sceneViewState":{"m_AlwaysRefresh":false,"showFog":true,"showSkybox":false,"showFlares":true,"showImageEffects":true,"showParticleSystems":true,"showVisualEffectGraphs":true,"m_FxEnabled":true},"in2DMode":false,"pivot":{"x":-2.86395263671875,"y":3.8524603843688967,"z":6.888306140899658},"rotation":{"x":0.14529523253440858,"y":-0.0029747390653938057,"z":0.00043327902676537633,"w":0.9893978238105774},"size":19.466876983642579,"orthographic":false}